{"cameraMode":{"drawMode":0,"name":"Shaded","section":"Shading Mode"},"sceneLighting":false,"audioPlay":false,"sceneViewState":{"showFog":true,"showMaterialUpdate":false,"showSkybox":true,"showFlares":true,"showImageEffects":true,"showParticleSystems":true},"in2DMode":false,"pivot":{"x":0.0511569082736969,"y":-0.024838924407958986,"z":-0.006883889436721802},"rotation":{"x":-0.16438725590705872,"y":0.3363133370876312,"z":-0.05974475294351578,"w":-0.9253652095794678},"size":0.669822096824646,"orthographic":false}