{"cameraMode":{"drawMode":0,"name":"Shaded","section":"Shading Mode"},"sceneLighting":true,"audioPlay":false,"sceneViewState":{"showFog":true,"showMaterialUpdate":false,"showSkybox":true,"showFlares":true,"showImageEffects":true,"showParticleSystems":true},"in2DMode":false,"pivot":{"x":-0.35887330770492556,"y":0.3986586332321167,"z":-0.17959189414978028},"rotation":{"x":-0.16895157098770142,"y":0.022761914879083635,"z":-0.0039029426407068969,"w":-0.9853537678718567},"size":18.24871826171875,"orthographic":false}