{"cameraMode":{"drawMode":0,"name":"Shaded","section":"Shading Mode"},"sceneLighting":true,"audioPlay":false,"sceneViewState":{"showFog":true,"showMaterialUpdate":false,"showSkybox":true,"showFlares":true,"showImageEffects":true,"showParticleSystems":true},"in2DMode":false,"pivot":{"x":0.0016980413347482682,"y":1.5063852071762086,"z":-0.017062336206436158},"rotation":{"x":-0.16895157098770142,"y":0.022761914879083635,"z":-0.0039029426407068969,"w":-0.9853537678718567},"size":0.6698222160339356,"orthographic":false}