{"cameraMode":{"drawMode":0,"name":"Shaded","section":"Shading Mode"},"sceneLighting":false,"audioPlay":false,"sceneViewState":{"showFog":true,"showMaterialUpdate":false,"showSkybox":true,"showFlares":true,"showImageEffects":true,"showParticleSystems":true},"in2DMode":false,"pivot":{"x":0.0019542574882507326,"y":-0.003621697425842285,"z":0.009202271699905396},"rotation":{"x":-0.1715124249458313,"y":-0.07027952373027802,"z":0.012267169542610646,"w":-0.9825954437255859},"size":0.6013935804367065,"orthographic":false}