{"cameraMode":{"drawMode":0,"name":"Shaded","section":"Shading Mode"},"sceneLighting":false,"audioPlay":false,"sceneViewState":{"showFog":true,"showMaterialUpdate":false,"showSkybox":true,"showFlares":true,"showImageEffects":true,"showParticleSystems":true},"in2DMode":false,"pivot":{"x":-0.07575170695781708,"y":0.006530925631523132,"z":-0.010462686419487},"rotation":{"x":-0.16895157098770142,"y":0.022761914879083635,"z":-0.0039029426407068969,"w":-0.9853537678718567},"size":0.9517861008644104,"orthographic":false}