{"cameraMode":{"drawMode":0,"name":"Shaded","section":"Shading Mode"},"sceneLighting":false,"audioPlay":false,"sceneViewState":{"showFog":true,"showMaterialUpdate":false,"showSkybox":true,"showFlares":true,"showImageEffects":true,"showParticleSystems":true},"in2DMode":false,"pivot":{"x":0.006864011287689209,"y":-0.004799528047442436,"z":0.008698716759681702},"rotation":{"x":-0.07395405322313309,"y":0.04635568708181381,"z":-0.0034413631074130537,"w":-0.9961777925491333},"size":0.27580440044403078,"orthographic":false}