{"cameraMode":{"drawMode":0,"name":"Shaded","section":"Shading Mode"},"sceneLighting":true,"audioPlay":false,"sceneViewState":{"showFog":true,"showMaterialUpdate":false,"showSkybox":true,"showFlares":true,"showImageEffects":true,"showParticleSystems":true},"in2DMode":false,"pivot":{"x":-12.572208404541016,"y":3.692117691040039,"z":9.916410446166993},"rotation":{"x":0.07977918535470963,"y":-0.1869526356458664,"z":0.015235106460750103,"w":0.9790056347846985},"size":35.54426574707031,"orthographic":false}