{"cameraMode":{"drawMode":0,"name":"Shaded","section":"Shading Mode"},"sceneLighting":true,"audioPlay":false,"sceneViewState":{"showFog":true,"showMaterialUpdate":false,"showSkybox":true,"showFlares":true,"showImageEffects":true,"showParticleSystems":true},"in2DMode":false,"pivot":{"x":0.11136579513549805,"y":1.6324458122253419,"z":2.0230562686920168},"rotation":{"x":-0.06653387099504471,"y":-0.023944493383169175,"z":0.001597172929905355,"w":-0.9974955916404724},"size":3.860877275466919,"orthographic":false}